[{"model": "auth.permission", "pk": 1, "fields": {"name": "Can add log entry", "content_type": 1, "codename": "add_logentry"}}, {"model": "auth.permission", "pk": 2, "fields": {"name": "Can change log entry", "content_type": 1, "codename": "change_logentry"}}, {"model": "auth.permission", "pk": 3, "fields": {"name": "Can delete log entry", "content_type": 1, "codename": "delete_logentry"}}, {"model": "auth.permission", "pk": 4, "fields": {"name": "Can view log entry", "content_type": 1, "codename": "view_logentry"}}, {"model": "auth.permission", "pk": 5, "fields": {"name": "Can add permission", "content_type": 2, "codename": "add_permission"}}, {"model": "auth.permission", "pk": 6, "fields": {"name": "Can change permission", "content_type": 2, "codename": "change_permission"}}, {"model": "auth.permission", "pk": 7, "fields": {"name": "Can delete permission", "content_type": 2, "codename": "delete_permission"}}, {"model": "auth.permission", "pk": 8, "fields": {"name": "Can view permission", "content_type": 2, "codename": "view_permission"}}, {"model": "auth.permission", "pk": 9, "fields": {"name": "Can add group", "content_type": 3, "codename": "add_group"}}, {"model": "auth.permission", "pk": 10, "fields": {"name": "Can change group", "content_type": 3, "codename": "change_group"}}, {"model": "auth.permission", "pk": 11, "fields": {"name": "Can delete group", "content_type": 3, "codename": "delete_group"}}, {"model": "auth.permission", "pk": 12, "fields": {"name": "Can view group", "content_type": 3, "codename": "view_group"}}, {"model": "auth.permission", "pk": 13, "fields": {"name": "Can add user", "content_type": 4, "codename": "add_user"}}, {"model": "auth.permission", "pk": 14, "fields": {"name": "Can change user", "content_type": 4, "codename": "change_user"}}, {"model": "auth.permission", "pk": 15, "fields": {"name": "Can delete user", "content_type": 4, "codename": "delete_user"}}, {"model": "auth.permission", "pk": 16, "fields": {"name": "Can view user", "content_type": 4, "codename": "view_user"}}, {"model": "auth.permission", "pk": 17, "fields": {"name": "Can add content type", "content_type": 5, "codename": "add_contenttype"}}, {"model": "auth.permission", "pk": 18, "fields": {"name": "Can change content type", "content_type": 5, "codename": "change_contenttype"}}, {"model": "auth.permission", "pk": 19, "fields": {"name": "Can delete content type", "content_type": 5, "codename": "delete_contenttype"}}, {"model": "auth.permission", "pk": 20, "fields": {"name": "Can view content type", "content_type": 5, "codename": "view_contenttype"}}, {"model": "auth.permission", "pk": 21, "fields": {"name": "Can add session", "content_type": 6, "codename": "add_session"}}, {"model": "auth.permission", "pk": 22, "fields": {"name": "Can change session", "content_type": 6, "codename": "change_session"}}, {"model": "auth.permission", "pk": 23, "fields": {"name": "Can delete session", "content_type": 6, "codename": "delete_session"}}, {"model": "auth.permission", "pk": 24, "fields": {"name": "Can view session", "content_type": 6, "codename": "view_session"}}, {"model": "auth.permission", "pk": 25, "fields": {"name": "Can add book", "content_type": 7, "codename": "add_book"}}, {"model": "auth.permission", "pk": 26, "fields": {"name": "Can change book", "content_type": 7, "codename": "change_book"}}, {"model": "auth.permission", "pk": 27, "fields": {"name": "Can delete book", "content_type": 7, "codename": "delete_book"}}, {"model": "auth.permission", "pk": 28, "fields": {"name": "Can view book", "content_type": 7, "codename": "view_book"}}, {"model": "auth.permission", "pk": 29, "fields": {"name": "Can add contributor", "content_type": 8, "codename": "add_contributor"}}, {"model": "auth.permission", "pk": 30, "fields": {"name": "Can change contributor", "content_type": 8, "codename": "change_contributor"}}, {"model": "auth.permission", "pk": 31, "fields": {"name": "Can delete contributor", "content_type": 8, "codename": "delete_contributor"}}, {"model": "auth.permission", "pk": 32, "fields": {"name": "Can view contributor", "content_type": 8, "codename": "view_contributor"}}, {"model": "auth.permission", "pk": 33, "fields": {"name": "Can add publisher", "content_type": 9, "codename": "add_publisher"}}, {"model": "auth.permission", "pk": 34, "fields": {"name": "Can change publisher", "content_type": 9, "codename": "change_publisher"}}, {"model": "auth.permission", "pk": 35, "fields": {"name": "Can delete publisher", "content_type": 9, "codename": "delete_publisher"}}, {"model": "auth.permission", "pk": 36, "fields": {"name": "Can view publisher", "content_type": 9, "codename": "view_publisher"}}, {"model": "auth.permission", "pk": 37, "fields": {"name": "Can add book contributor", "content_type": 10, "codename": "add_bookcontributor"}}, {"model": "auth.permission", "pk": 38, "fields": {"name": "Can change book contributor", "content_type": 10, "codename": "change_bookcontributor"}}, {"model": "auth.permission", "pk": 39, "fields": {"name": "Can delete book contributor", "content_type": 10, "codename": "delete_bookcontributor"}}, {"model": "auth.permission", "pk": 40, "fields": {"name": "Can view book contributor", "content_type": 10, "codename": "view_bookcontributor"}}, {"model": "auth.permission", "pk": 41, "fields": {"name": "Can add review", "content_type": 11, "codename": "add_review"}}, {"model": "auth.permission", "pk": 42, "fields": {"name": "Can change review", "content_type": 11, "codename": "change_review"}}, {"model": "auth.permission", "pk": 43, "fields": {"name": "Can delete review", "content_type": 11, "codename": "delete_review"}}, {"model": "auth.permission", "pk": 44, "fields": {"name": "Can view review", "content_type": 11, "codename": "view_review"}}, {"model": "auth.user", "pk": 1, "fields": {"password": "", "last_login": null, "is_superuser": false, "username": "peterjones@test.com", "first_name": "", "last_name": "", "email": "peterjones@test.com", "is_staff": false, "is_active": true, "date_joined": "2024-09-25T17:24:57.291Z", "groups": [], "user_permissions": []}}, {"model": "auth.user", "pk": 2, "fields": {"password": "", "last_login": null, "is_superuser": false, "username": "marksandler@test.com", "first_name": "", "last_name": "", "email": "marksandler@test.com", "is_staff": false, "is_active": true, "date_joined": "2024-09-25T17:24:57.332Z", "groups": [], "user_permissions": []}}, {"model": "contenttypes.contenttype", "pk": 1, "fields": {"app_label": "admin", "model": "logentry"}}, {"model": "contenttypes.contenttype", "pk": 2, "fields": {"app_label": "auth", "model": "permission"}}, {"model": "contenttypes.contenttype", "pk": 3, "fields": {"app_label": "auth", "model": "group"}}, {"model": "contenttypes.contenttype", "pk": 4, "fields": {"app_label": "auth", "model": "user"}}, {"model": "contenttypes.contenttype", "pk": 5, "fields": {"app_label": "contenttypes", "model": "contenttype"}}, {"model": "contenttypes.contenttype", "pk": 6, "fields": {"app_label": "sessions", "model": "session"}}, {"model": "contenttypes.contenttype", "pk": 7, "fields": {"app_label": "reviews", "model": "book"}}, {"model": "contenttypes.contenttype", "pk": 8, "fields": {"app_label": "reviews", "model": "contributor"}}, {"model": "contenttypes.contenttype", "pk": 9, "fields": {"app_label": "reviews", "model": "publisher"}}, {"model": "contenttypes.contenttype", "pk": 10, "fields": {"app_label": "reviews", "model": "bookcontributor"}}, {"model": "contenttypes.contenttype", "pk": 11, "fields": {"app_label": "reviews", "model": "review"}}, {"model": "reviews.publisher", "pk": 1, "fields": {"name": "Packt Publishing", "website": "https://www.packtpub.com/", "email": "info@packtpub.com"}}, {"model": "reviews.publisher", "pk": 2, "fields": {"name": "Harper Collins", "website": "https://www.harpercollins.com", "email": "feedback@harpercollins.com"}}, {"model": "reviews.publisher", "pk": 3, "fields": {"name": "Penguin Classics", "website": "http://www.penguinclassics.com", "email": "contact@penguinclassics.com"}}, {"model": "reviews.publisher", "pk": 4, "fields": {"name": "Scribner", "website": "https://www.simonandschusterpublishing.com/scribner/", "email": "ScribnerPublicity@SimonandSchuster.com."}}, {"model": "reviews.publisher", "pk": 5, "fields": {"name": "Bay Back Books", "website": "https://www.hachettebookgroup.com/imprint/little-brown-and-company/back-bay-books/", "email": "customer.service@hbgusa.com."}}, {"model": "reviews.publisher", "pk": 6, "fields": {"name": "Simon and Schuster", "website": "https://www.simonandschuster.com", "email": "contact@simonandschuster.com"}}, {"model": "reviews.publisher", "pk": 7, "fields": {"name": "Houghton Mifflin Harcourt", "website": "https://www.hmhco.com", "email": "techsupport@hmhco.com"}}, {"model": "reviews.publisher", "pk": 8, "fields": {"name": "CreateSpace Independent Publishing Platform", "website": "https://www.createspace.com", "email": "info@createspace.com"}}, {"model": "reviews.publisher", "pk": 9, "fields": {"name": "Pocket Books", "website": "https://pocketbookssampleurl.com", "email": "pocketbook@example.com"}}, {"model": "reviews.contributor", "pk": 1, "fields": {"first_names": "Rowel", "last_names": "Atienza", "email": "RowelAtienza@example.com"}}, {"model": "reviews.contributor", "pk": 2, "fields": {"first_names": "Packt", "last_names": "Example Editor", "email": "PacktEditor@example.com"}}, {"model": "reviews.contributor", "pk": 3, "fields": {"first_names": "Packtp", "last_names": "Editor Example", "email": "PacktEditor2@example.com"}}, {"model": "reviews.contributor", "pk": 4, "fields": {"first_names": "Jansen", "last_names": "Stefan", "email": "StefanJansen@example.com"}}, {"model": "reviews.contributor", "pk": 5, "fields": {"first_names": "Martin", "last_names": "Ford", "email": "MartinFord@example.com"}}, {"model": "reviews.contributor", "pk": 6, "fields": {"first_names": "Maxim", "last_names": "Lapan", "email": "MaximLapan@example.com"}}, {"model": "reviews.contributor", "pk": 7, "fields": {"first_names": "Thushan", "last_names": "Ganegedara", "email": "ThushanGanegedara@example.com"}}, {"model": "reviews.contributor", "pk": 8, "fields": {"first_names": "Sudharsan", "last_names": "Ravichandiran", "email": "SudharsanRavichandiran@example.com"}}, {"model": "reviews.contributor", "pk": 9, "fields": {"first_names": "Aldous", "last_names": "Huxley", "email": "AldousHuxley@example.com"}}, {"model": "reviews.contributor", "pk": 10, "fields": {"first_names": "John", "last_names": "Steinbeck", "email": "JSteinbeck@example.com"}}, {"model": "reviews.contributor", "pk": 11, "fields": {"first_names": "Ernest", "last_names": "Hemingway", "email": "ErnestHemingway@example.com"}}, {"model": "reviews.contributor", "pk": 12, "fields": {"first_names": "Harper", "last_names": "Lee", "email": "HarperLee@example.com"}}, {"model": "reviews.contributor", "pk": 13, "fields": {"first_names": "Franics Scott", "last_names": "Fitzgerald", "email": "FScottFitzgerald@example.com"}}, {"model": "reviews.contributor", "pk": 14, "fields": {"first_names": "Jerome David", "last_names": "Salinger", "email": "JDSalinger@example.com"}}, {"model": "reviews.contributor", "pk": 15, "fields": {"first_names": "Ray", "last_names": "Bradbury", "email": "RayBradbury@example.com"}}, {"model": "reviews.contributor", "pk": 16, "fields": {"first_names": "Jane", "last_names": "Austen", "email": "JaneAusten@example.com"}}, {"model": "reviews.contributor", "pk": 17, "fields": {"first_names": "Tony", "last_names": "Tanner", "email": "TonyTanner@example.com"}}, {"model": "reviews.contributor", "pk": 18, "fields": {"first_names": "George", "last_names": "Orwell", "email": "GeorgeOrwell@example.com"}}, {"model": "reviews.contributor", "pk": 19, "fields": {"first_names": "Edward", "last_names": "Bulwer Lytton", "email": "EdwardBulwerLytton@example.com"}}, {"model": "reviews.contributor", "pk": 20, "fields": {"first_names": "Stephen", "last_names": "King", "email": "StephenKing@example.com"}}, {"model": "reviews.contributor", "pk": 21, "fields": {"first_names": "Peter", "last_names": "Straub", "email": "PeterStraub@example.com"}}, {"model": "reviews.book", "pk": 1, "fields": {"title": "Advanced Deep Learning with Keras", "publication_date": "2018-10-31", "isbn": "9781788629416", "publisher": 1}}, {"model": "reviews.book", "pk": 2, "fields": {"title": "Hands-On Machine Learning for Algorithmic Trading", "publication_date": "2018-12-31", "isbn": "9781789346411", "publisher": 1}}, {"model": "reviews.book", "pk": 3, "fields": {"title": "Architects of Intelligence", "publication_date": "2018-11-23", "isbn": "9781789954531", "publisher": 1}}, {"model": "reviews.book", "pk": 4, "fields": {"title": "Deep Reinforcement Learning Hands-On", "publication_date": "2018-06-20", "isbn": "9781788834247", "publisher": 1}}, {"model": "reviews.book", "pk": 5, "fields": {"title": "Natural Language Processing with TensorFlow", "publication_date": "2018-05-30", "isbn": "9781788478311", "publisher": 1}}, {"model": "reviews.book", "pk": 6, "fields": {"title": "Hands-On Reinforcement Learning with Python", "publication_date": "2018-06-27", "isbn": "9781788836524", "publisher": 1}}, {"model": "reviews.book", "pk": 7, "fields": {"title": "Brave New World", "publication_date": "2006-10-18", "isbn": "9780060850524", "publisher": 2}}, {"model": "reviews.book", "pk": 8, "fields": {"title": "The Grapes of Wrath", "publication_date": "2006-03-28", "isbn": "9780143039433", "publisher": 3}}, {"model": "reviews.book", "pk": 9, "fields": {"title": "For Whom The Bell Tolls", "publication_date": "2019-07-16", "isbn": "9781476787770", "publisher": 4}}, {"model": "reviews.book", "pk": 10, "fields": {"title": "To Kill A Mocking Bird", "publication_date": "2002-01-01", "isbn": "9780060935467", "publisher": 2}}, {"model": "reviews.book", "pk": 11, "fields": {"title": "The Great Gatsby", "publication_date": "2004-09-30", "isbn": "9780743273565", "publisher": 4}}, {"model": "reviews.book", "pk": 12, "fields": {"title": "The Catcher in the Rye", "publication_date": "2001-01-30", "isbn": "9780316769174", "publisher": 5}}, {"model": "reviews.book", "pk": 13, "fields": {"title": "Farenheit 451", "publication_date": "2012-01-10", "isbn": "9781451673319", "publisher": 6}}, {"model": "reviews.book", "pk": 14, "fields": {"title": "Pride and Prejudice", "publication_date": "2002-12-31", "isbn": "9780141439518", "publisher": 3}}, {"model": "reviews.book", "pk": 15, "fields": {"title": "1984", "publication_date": "2017-04-04", "isbn": "9781328869333", "publisher": 7}}, {"model": "reviews.book", "pk": 16, "fields": {"title": "Animal Farm: A Fairy Story", "publication_date": "1996-04-18", "isbn": "9780151002177", "publisher": 7}}, {"model": "reviews.book", "pk": 17, "fields": {"title": "Paul Clifford", "publication_date": "2018-05-12", "isbn": "9781719053167", "publisher": 8}}, {"model": "reviews.book", "pk": 18, "fields": {"title": "The Talisman", "publication_date": "2012-09-25", "isbn": "9781451697216", "publisher": 9}}, {"model": "reviews.bookcontributor", "pk": 1, "fields": {"book": 1, "contributor": 1, "role": "AUTHOR"}}, {"model": "reviews.bookcontributor", "pk": 2, "fields": {"book": 2, "contributor": 4, "role": "AUTHOR"}}, {"model": "reviews.bookcontributor", "pk": 3, "fields": {"book": 3, "contributor": 5, "role": "AUTHOR"}}, {"model": "reviews.bookcontributor", "pk": 4, "fields": {"book": 4, "contributor": 6, "role": "AUTHOR"}}, {"model": "reviews.bookcontributor", "pk": 5, "fields": {"book": 5, "contributor": 7, "role": "AUTHOR"}}, {"model": "reviews.bookcontributor", "pk": 6, "fields": {"book": 6, "contributor": 8, "role": "AUTHOR"}}, {"model": "reviews.bookcontributor", "pk": 7, "fields": {"book": 7, "contributor": 9, "role": "AUTHOR"}}, {"model": "reviews.bookcontributor", "pk": 8, "fields": {"book": 8, "contributor": 10, "role": "AUTHOR"}}, {"model": "reviews.bookcontributor", "pk": 9, "fields": {"book": 9, "contributor": 11, "role": "AUTHOR"}}, {"model": "reviews.bookcontributor", "pk": 10, "fields": {"book": 10, "contributor": 12, "role": "AUTHOR"}}, {"model": "reviews.bookcontributor", "pk": 11, "fields": {"book": 11, "contributor": 13, "role": "AUTHOR"}}, {"model": "reviews.bookcontributor", "pk": 12, "fields": {"book": 12, "contributor": 14, "role": "AUTHOR"}}, {"model": "reviews.bookcontributor", "pk": 13, "fields": {"book": 13, "contributor": 15, "role": "AUTHOR"}}, {"model": "reviews.bookcontributor", "pk": 14, "fields": {"book": 14, "contributor": 16, "role": "AUTHOR"}}, {"model": "reviews.bookcontributor", "pk": 15, "fields": {"book": 15, "contributor": 18, "role": "AUTHOR"}}, {"model": "reviews.bookcontributor", "pk": 16, "fields": {"book": 17, "contributor": 19, "role": "AUTHOR"}}, {"model": "reviews.bookcontributor", "pk": 17, "fields": {"book": 14, "contributor": 17, "role": "COMMENTATOR"}}, {"model": "reviews.bookcontributor", "pk": 18, "fields": {"book": 18, "contributor": 21, "role": "CO_AUTHOR"}}, {"model": "reviews.bookcontributor", "pk": 19, "fields": {"book": 18, "contributor": 20, "role": "CO_AUTHOR"}}, {"model": "reviews.review", "pk": 1, "fields": {"content": "A must read for all", "rating": 5, "date_created": "2024-09-25T17:24:57.301Z", "date_edited": "2020-01-04T16:31:40.376Z", "creator": 1, "book": 1}}, {"model": "reviews.review", "pk": 2, "fields": {"content": "An ok read", "rating": 3, "date_created": "2024-09-25T17:24:57.338Z", "date_edited": "2020-01-04T16:31:40.376Z", "creator": 2, "book": 1}}]